Coach,Win %,Home Win %,Road Win %,Points %,Wins,Seasons,Stanley Cups,Teams
Cap Raeder,1.0,0.0,1.0,1.0,1,1,0,['San Jose Sharks']
Barry Smith/Dave Lewis,0.8,1.0,0.5,0.8,4,1,0,['Detroit Red Wings']
Jim Montgomery,0.694,0.807,0.557,0.716,78,3,0,"['Dallas Stars', 'Boston Bruins']"
Tom Johnson,0.683,0.745,0.618,0.738,142,3,1,['Boston Bruins']
Andrew Brunette,0.68,0.806,0.564,0.72,51,1,0,['Florida Panthers']
Alex Currie,0.667,0.833,0.5,0.722,24,1,0,['Ottawa Senators (1917)']
Alf Smith,0.667,0.889,0.444,0.667,12,1,0,['Ottawa Senators (1917)']
Lane Lambert,0.652,0.727,0.583,0.652,15,1,0,['New York Islanders']
Lou Lamoriello,0.641,0.731,0.556,0.689,34,2,0,['New Jersey Devils']
Jimmy Gardner,0.633,0.8,0.467,0.65,19,1,0,['Hamilton Tigers']
Pete Green,0.627,0.787,0.467,0.64,94,6,3,['Ottawa Senators (1917)']
Jay Woodcroft,0.627,0.7,0.552,0.652,37,2,0,['Edmonton Oilers']
Frank Carroll,0.625,0.75,0.5,0.625,15,1,0,['Toronto St. Patricks']
Sheldon Keefe,0.62,0.667,0.576,0.678,129,4,0,['Toronto Maple Leafs']
Dean Evason,0.618,0.682,0.553,0.659,105,4,0,['Minnesota Wild']
Jon Cooper,0.607,0.67,0.543,0.649,446,11,2,['Tampa Bay Lightning']
Cooney Weiland,0.604,0.729,0.479,0.698,58,2,1,['Boston Bruins']
Rod Brind'Amour,0.597,0.638,0.557,0.65,185,5,0,['Carolina Hurricanes']
Harry Sinden,0.592,0.713,0.459,0.643,153,6,1,"['Boston Bruins', 'Boston Bruins', 'Boston Bruins']"
Todd Reirden,0.589,0.568,0.61,0.642,89,2,0,['Washington Capitals']
Harvey Sproule,0.583,0.5,0.667,0.583,7,1,0,['Toronto St. Patricks']
Al Arbour,0.582,0.643,0.27,0.647,782,23,4,"['St. Louis Blues', 'New York Islanders', 'New York Islanders', 'New York Islanders']"
Bruce Cassidy,0.579,0.592,0.574,0.63,308,9,0,"['Boston Bruins', 'Washington Capitals', 'Vegas Golden Knights']"
Claude Ruel,0.568,0.704,0.432,0.65,172,5,1,"['Montréal Canadiens', 'Montréal Canadiens']"
Scotty Bowman,0.563,0.647,0.48,0.64,1244,30,9,"['Montréal Canadiens', 'Detroit Red Wings', 'Pittsburgh Penguins', 'St. Louis Blues', 'Buffalo Sabres', 'Buffalo Sabres']"
Bruce Boudreau,0.559,0.604,0.514,0.624,607,16,0,"['Washington Capitals', 'Anaheim Ducks', 'Minnesota Wild', 'Vancouver Canucks']"
Joel Quenneville,0.554,0.603,0.504,0.613,969,25,3,"['Chicago Blackhawks', 'St. Louis Blues', 'Colorado Avalanche', 'Florida Panthers']"
Derek Lalonde,0.55,0.636,0.444,0.65,11,1,0,['Detroit Red Wings']
Toe Blake,0.547,0.643,0.451,0.634,500,13,8,['Montréal Canadiens']
Gerry Cheevers,0.543,0.624,0.46,0.604,204,5,0,['Boston Bruins']
Barry Trotz,0.539,0.598,0.481,0.599,914,23,1,"['New York Islanders', 'Washington Capitals', 'Nashville Predators']"
Guy Carbonneau,0.539,0.607,0.475,0.589,124,3,0,['Montréal Canadiens']
Alex Romeril,0.538,0.571,0.5,0.577,7,1,0,['Toronto St. Patricks']
Bob Murray,0.538,0.6,0.455,0.558,14,1,0,['Anaheim Ducks']
Bill Barber,0.537,0.582,0.493,0.621,73,2,0,['Philadelphia Flyers']
Geoff Ward,0.537,0.484,0.583,0.575,36,2,0,['Calgary Flames']
Brent Sutter,0.536,0.591,0.48,0.591,215,5,0,"['Calgary Flames', 'New Jersey Devils']"
Jared Bednar,0.533,0.594,0.473,0.583,252,7,1,['Colorado Avalanche']
Nick Beverley,0.529,0.5,0.571,0.588,9,1,0,['Toronto Maple Leafs']
Patrick Roy,0.528,0.537,0.52,0.577,130,3,0,['Colorado Avalanche']
Mike Johnston,0.527,0.564,0.491,0.596,58,2,0,['Pittsburgh Penguins']
Wayne Cashman,0.525,0.586,0.469,0.598,32,1,0,['Philadelphia Flyers']
Jim Playfair,0.524,0.732,0.317,0.585,43,1,0,['Calgary Flames']
Peter Laviolette,0.524,0.546,0.503,0.587,726,21,1,"['Philadelphia Flyers', 'New York Islanders', 'Washington Capitals', 'Carolina Hurricanes', 'Nashville Predators']"
Jerry LaFlamme,0.523,0.455,0.591,0.58,23,1,0,['Montreal Maroons']
Dan Bylsma,0.521,0.557,0.486,0.577,320,8,1,"['Pittsburgh Penguins', 'Buffalo Sabres']"
Dave Tippett,0.52,0.556,0.483,0.578,648,17,0,"['Dallas Stars', 'Edmonton Oilers', 'Phoenix Coyotes']"
Craig Berube,0.518,0.589,0.447,0.592,242,7,1,"['Philadelphia Flyers', 'St. Louis Blues']"
Peter DeBoer,0.517,0.554,0.483,0.583,525,16,0,"['New Jersey Devils', 'San Jose Sharks', 'Florida Panthers', 'Vegas Golden Knights', 'Dallas Stars']"
George O'Donoghue,0.517,0.714,0.333,0.534,15,2,1,['Toronto St. Patricks']
Claude Julien,0.516,0.543,0.49,0.58,667,19,1,"['Montréal Canadiens', 'Montréal Canadiens', 'Boston Bruins', 'New Jersey Devils']"
Robbie Ftorek,0.516,0.58,0.451,0.584,229,6,0,"['Boston Bruins', 'Los Angeles Kings', 'New Jersey Devils']"
Gerard Gallant,0.515,0.574,0.458,0.565,332,11,0,"['Florida Panthers', 'Columbus Blue Jackets', 'Vegas Golden Knights', 'New York Rangers']"
Jacques Lemaire,0.514,0.598,0.429,0.578,617,17,1,"['Montréal Canadiens', 'New Jersey Devils', 'New Jersey Devils', 'Minnesota Wild']"
Alain Vigneault,0.511,0.544,0.478,0.57,722,19,0,"['Montréal Canadiens', 'New York Rangers', 'Philadelphia Flyers', 'Vancouver Canucks']"
Dave Cameron,0.511,0.543,0.478,0.573,70,2,0,['Ottawa Senators']
Darryl Sutter,0.509,0.561,0.457,0.576,708,21,2,"['Chicago Blackhawks', 'Los Angeles Kings', 'Calgary Flames', 'Calgary Flames', 'San Jose Sharks']"
Terry O'Reilly,0.507,0.56,0.451,0.564,115,3,0,['Boston Bruins']
Dave Lewis,0.506,0.573,0.439,0.566,131,3,0,"['Boston Bruins', 'Detroit Red Wings']"
Ken Hitchcock,0.506,0.558,0.456,0.572,849,23,1,"['Dallas Stars', 'Dallas Stars', 'Philadelphia Flyers', 'St. Louis Blues', 'Edmonton Oilers', 'Columbus Blue Jackets']"
Randy Carlyle,0.506,0.587,0.425,0.569,475,14,1,"['Toronto Maple Leafs', 'Anaheim Ducks', 'Anaheim Ducks']"
Fred Shero,0.506,0.615,0.397,0.582,390,10,2,"['New York Rangers', 'Philadelphia Flyers']"
Mike Sullivan,0.505,0.539,0.47,0.589,378,10,2,"['Boston Bruins', 'Pittsburgh Penguins']"
Dale Hunter,0.5,0.6,0.4,0.558,30,1,0,['Washington Capitals']
Adam Oates,0.5,0.554,0.446,0.565,65,2,0,['Washington Capitals']
Jules Dugal,0.5,0.556,0.444,0.583,9,1,0,['Montréal Canadiens']
Billy Inglis,0.5,0.5,0.5,0.589,28,1,0,['Buffalo Sabres']
Frank Patrick,0.5,0.667,0.333,0.562,48,2,0,['Boston Bruins']
Marcel Pronovost,0.5,0.577,0.423,0.611,52,2,0,['Buffalo Sabres']
Mike Babcock,0.499,0.547,0.45,0.576,700,17,1,"['Toronto Maple Leafs', 'Detroit Red Wings', 'Anaheim Ducks']"
Todd McLellan,0.499,0.547,0.451,0.553,540,15,0,"['Los Angeles Kings', 'Edmonton Oilers', 'San Jose Sharks']"
Fred Creighton,0.498,0.589,0.407,0.583,196,6,0,"['Boston Bruins', 'Atlanta Flames']"
Jimmy Skinner,0.498,0.61,0.387,0.591,123,4,1,['Detroit Red Wings']
Bob Johnson,0.497,0.597,0.398,0.549,234,6,1,"['Pittsburgh Penguins', 'Calgary Flames']"
Glen Gulutzan,0.496,0.504,0.488,0.535,146,4,0,"['Dallas Stars', 'Calgary Flames']"
Pat Burns,0.493,0.555,0.432,0.576,501,14,1,"['Montréal Canadiens', 'Toronto Maple Leafs', 'Boston Bruins', 'New Jersey Devils']"
Doug Risebrough,0.493,0.623,0.373,0.552,71,2,0,['Calgary Flames']
Red Berenson,0.492,0.63,0.353,0.57,98,3,0,['St. Louis Blues']
John Stevens,0.491,0.336,0.478,0.528,171,7,0,"['Los Angeles Kings', 'Los Angeles Kings', 'Philadelphia Flyers']"
Terry Murray,0.49,0.532,0.447,0.558,499,15,0,"['Los Angeles Kings', 'Philadelphia Flyers', 'Washington Capitals', 'Florida Panthers']"
Davis Payne,0.489,0.594,0.397,0.544,67,3,0,['St. Louis Blues']
Bill Peters,0.489,0.549,0.431,0.554,198,6,0,"['Calgary Flames', 'Carolina Hurricanes']"
Ivan Hlinka,0.488,0.545,0.429,0.558,42,2,0,['Pittsburgh Penguins']
Bob Hartley,0.487,0.528,0.445,0.549,463,14,1,"['Calgary Flames', 'Colorado Avalanche', 'Atlanta Thrashers']"
Murray Oliver,0.486,0.579,0.389,0.581,18,1,0,['Minnesota North Stars']
Dave Gill,0.485,0.545,0.424,0.587,64,3,1,['Ottawa Senators (1917)']
Kevin Constantine,0.484,0.499,0.467,0.559,161,7,0,"['Pittsburgh Penguins', 'New Jersey Devils', 'San Jose Sharks']"
Michel Therrien,0.484,0.526,0.442,0.553,406,12,0,"['Montréal Canadiens', 'Montréal Canadiens', 'Pittsburgh Penguins']"
Doug Weight,0.484,0.508,0.46,0.541,59,2,0,['New York Islanders']
John Hynes,0.483,0.528,0.438,0.531,251,9,0,"['New Jersey Devils', 'Nashville Predators']"
Terry Crisp,0.482,0.549,0.414,0.545,286,9,1,"['Calgary Flames', 'Tampa Bay Lightning']"
Dave Lowry,0.481,0.538,0.429,0.537,26,1,0,['Winnipeg Jets']
Cory Clouston,0.48,0.53,0.429,0.53,95,3,0,['Ottawa Senators']
Todd Richards,0.479,0.52,0.438,0.524,204,7,0,"['Columbus Blue Jackets', 'Minnesota Wild']"
Bill Tobin,0.478,0.545,0.417,0.522,11,1,0,['Chicago Blackhawks']
Paul MacLean,0.477,0.5,0.455,0.55,114,4,0,['Ottawa Senators']
Tom Shaughnessy,0.476,0.545,0.4,0.548,10,1,0,['Chicago Blackhawks']
Hap Day,0.474,0.582,0.366,0.548,259,10,5,['Toronto Maple Leafs']
Gene Ubriaco,0.472,0.574,0.365,0.514,50,2,0,['Pittsburgh Penguins']
Mike Keenan,0.47,0.521,0.419,0.541,672,20,1,"['Boston Bruins', 'New York Rangers', 'Chicago Blackhawks', 'Philadelphia Flyers', 'St. Louis Blues', 'Vancouver Canucks', 'Calgary Flames', 'Florida Panthers']"
John Paddock,0.47,0.504,0.436,0.526,142,5,0,"['Winnipeg Jets (1979)', 'Ottawa Senators']"
Jack Capuano,0.47,0.47,0.47,0.536,227,7,0,['New York Islanders']
Eddie Powers,0.47,0.636,0.303,0.492,31,2,0,['Toronto St. Patricks']
Paul Maurice,0.467,0.519,0.413,0.534,785,25,0,"['Toronto Maple Leafs', 'Hartford Whalers', 'Carolina Hurricanes', 'Winnipeg Jets', 'Florida Panthers']"
Tony Granato,0.466,0.496,0.436,0.534,104,3,0,"['Colorado Avalanche', 'Colorado Avalanche']"
Lester Patrick,0.465,0.497,0.434,0.554,281,13,2,['New York Rangers']
Orval Tessier,0.465,0.623,0.308,0.514,99,3,0,['Chicago Blackhawks']
Lindy Ruff,0.464,0.496,0.433,0.525,800,22,0,"['Dallas Stars', 'Buffalo Sabres', 'New Jersey Devils']"
Leo Dandurand,0.463,0.615,0.321,0.498,78,6,1,"['Montréal Canadiens', 'Montréal Canadiens']"
Joe Primeau,0.462,0.533,0.391,0.562,97,3,1,['Toronto Maple Leafs']
Jacques Martin,0.461,0.51,0.41,0.534,613,17,0,"['Montréal Canadiens', 'St. Louis Blues', 'Ottawa Senators', 'Florida Panthers']"
Pat Quinn,0.461,0.547,0.375,0.515,684,20,0,"['Toronto Maple Leafs', 'Los Angeles Kings', 'Philadelphia Flyers', 'Vancouver Canucks', 'Vancouver Canucks', 'Edmonton Oilers']"
Bernie Geoffrion,0.461,0.608,0.316,0.537,114,5,0,"['Montréal Canadiens', 'New York Rangers', 'Atlanta Flames']"
Ron Wilson,0.457,0.503,0.411,0.525,648,18,0,"['Toronto Maple Leafs', 'Washington Capitals', 'San Jose Sharks', 'Anaheim Ducks']"
Guy Boucher,0.455,0.522,0.387,0.509,191,6,0,"['Ottawa Senators', 'Tampa Bay Lightning']"
Bob McCammon,0.455,0.549,0.363,0.532,221,8,0,"['Philadelphia Flyers', 'Philadelphia Flyers', 'Vancouver Canucks']"
Andy Murray,0.453,0.49,0.415,0.536,333,10,0,"['Los Angeles Kings', 'St. Louis Blues']"
Al MacNeil,0.452,0.416,0.43,0.54,138,5,1,"['Montréal Canadiens', 'Atlanta Flames', 'Calgary Flames']"
Steve Stirling,0.452,0.557,0.349,0.52,56,2,0,['New York Islanders']
Bill Mahoney,0.452,0.5,0.4,0.516,42,2,0,['Minnesota North Stars']
Marc Crawford,0.451,0.513,0.394,0.517,556,16,1,"['Los Angeles Kings', 'Dallas Stars', 'Vancouver Canucks', 'Quebec Nordiques', 'Ottawa Senators']"
Brad Shaw,0.45,0.524,0.368,0.5,18,1,0,['New York Islanders']
Bryan Murray,0.45,0.507,0.394,0.517,620,17,0,"['Detroit Red Wings', 'Washington Capitals', 'Ottawa Senators', 'Anaheim Ducks', 'Florida Panthers']"
Dick Carroll,0.45,0.75,0.15,0.45,18,2,1,['Toronto Arenas']
Pierre Creamer,0.45,0.55,0.35,0.506,36,1,0,['Pittsburgh Penguins']
Bep Guidolin,0.45,0.573,0.333,0.502,98,4,0,"['Boston Bruins', 'Kansas City Scouts']"
Bob Berry,0.449,0.524,0.376,0.52,384,11,0,"['Montréal Canadiens', 'Los Angeles Kings', 'Pittsburgh Penguins', 'St. Louis Blues']"
Bill Gadsby,0.449,0.615,0.282,0.526,35,2,0,['Detroit Red Wings']
John Torchetti,0.448,0.545,0.349,0.485,30,3,0,"['Los Angeles Kings', 'Florida Panthers', 'Minnesota Wild']"
Mario Tremblay,0.447,0.5,0.392,0.525,71,2,0,['Montréal Canadiens']
Bob Gainey,0.445,0.467,0.426,0.522,194,8,0,"['Montréal Canadiens', 'Montréal Canadiens', 'Minnesota North Stars']"
Dit Clapper,0.444,0.556,0.33,0.53,102,4,0,['Boston Bruins']
Cecil Hart,0.444,0.514,0.375,0.524,204,10,2,"['Montréal Canadiens', 'Montréal Canadiens', 'Montreal Maroons']"
Mike Yeo,0.443,0.481,0.404,0.497,263,9,0,"['St. Louis Blues', 'Minnesota Wild', 'Philadelphia Flyers']"
Larry Robinson,0.442,0.513,0.368,0.521,209,8,1,"['Los Angeles Kings', 'New Jersey Devils', 'New Jersey Devils']"
Denis Savard,0.442,0.493,0.389,0.497,65,3,0,['Chicago Blackhawks']
Joe Sacco,0.442,0.503,0.381,0.493,130,4,0,['Colorado Avalanche']
Alain Nasreddine,0.442,0.45,0.435,0.535,19,1,0,['New Jersey Devils']
Roger Neilson,0.441,0.497,0.32,0.514,460,17,0,"['Toronto Maple Leafs', 'New York Rangers', 'Los Angeles Kings', 'Philadelphia Flyers', 'Buffalo Sabres', 'Vancouver Canucks', 'Ottawa Senators', 'Florida Panthers']"
Brian Sutter,0.439,0.516,0.363,0.517,451,13,0,"['Boston Bruins', 'Chicago Blackhawks', 'St. Louis Blues', 'Calgary Flames']"
Colin Campbell,0.439,0.474,0.403,0.519,118,4,0,['New York Rangers']
Larry Popein,0.439,0.636,0.21,0.549,18,1,0,['New York Rangers']
Ted Sator,0.439,0.508,0.368,0.491,137,5,0,"['New York Rangers', 'Buffalo Sabres']"
Bob Pulford,0.438,0.523,0.36,0.51,360,12,0,"['Chicago Blackhawks', 'Chicago Blackhawks', 'Chicago Blackhawks', 'Chicago Blackhawks', 'Los Angeles Kings']"
Jim Schoenfeld,0.438,0.507,0.363,0.503,256,10,0,"['Buffalo Sabres', 'New Jersey Devils', 'Washington Capitals', 'Phoenix Coyotes']"
Dunc Munro,0.438,0.562,0.312,0.516,14,1,0,['Montreal Maroons']
Marc Boileau,0.437,0.592,0.3,0.517,66,3,0,['Pittsburgh Penguins']
Wayne Gretzky,0.436,0.469,0.402,0.473,143,4,0,['Phoenix Coyotes']
Eddie Johnston,0.436,0.557,0.316,0.515,266,8,0,"['Chicago Blackhawks', 'Pittsburgh Penguins', 'Pittsburgh Penguins']"
Bob Boughner,0.435,0.494,0.376,0.502,147,5,0,"['San Jose Sharks', 'Florida Panthers']"
Claude Noel,0.434,0.525,0.304,0.522,90,4,0,"['Winnipeg Jets', 'Columbus Blue Jackets']"
Glen Sather,0.433,0.508,0.355,0.518,497,13,4,"['New York Rangers', 'Edmonton Oilers', 'Edmonton Oilers']"
Dave Hakstol,0.433,0.481,0.384,0.493,173,6,0,"['Philadelphia Flyers', 'Seattle Kraken']"
Jean Perron,0.433,0.533,0.33,0.491,142,4,1,"['Montréal Canadiens', 'Quebec Nordiques']"
Pete Muldoon,0.432,0.545,0.318,0.466,19,1,0,['Chicago Blackhawks']
Terry Simpson,0.431,0.514,0.348,0.484,159,6,0,"['Philadelphia Flyers', 'New York Islanders', 'Winnipeg Jets (1979)']"
Brad Larsen,0.431,0.491,0.362,0.471,44,2,0,['Columbus Blue Jackets']
Martin St. Louis,0.431,0.375,0.5,0.474,25,2,0,['Montréal Canadiens']
Mike Milbury,0.43,0.498,0.363,0.494,147,6,0,"['Boston Bruins', 'New York Islanders']"
Conn Smythe,0.43,0.522,0.333,0.504,58,5,0,['Toronto Maple Leafs']
Bill Dineen,0.429,0.571,0.286,0.5,60,2,0,['Philadelphia Flyers']
Percy LeSueur,0.429,0.833,0.125,0.429,6,1,0,['Hamilton Tigers']
Kirk Muller,0.428,0.452,0.404,0.5,80,3,0,['Carolina Hurricanes']
Jack Adams,0.428,0.558,0.299,0.512,413,20,3,['Detroit Cougars']
John Ferguson Sr.,0.428,0.516,0.32,0.485,50,3,0,"['New York Rangers', 'Winnipeg Jets (1979)']"
John Anderson,0.427,0.451,0.402,0.485,70,2,0,['Atlanta Thrashers']
Don Waddell,0.424,0.25,0.531,0.475,38,2,0,"['Atlanta Thrashers', 'Atlanta Thrashers']"
Barry Long,0.424,0.48,0.369,0.485,87,3,0,['Winnipeg Jets (1979)']
Clem Loughlin,0.424,0.486,0.361,0.493,61,3,0,['Chicago Blackhawks']
Travis Green,0.424,0.474,0.373,0.478,133,5,0,['Vancouver Canucks']
Jeremy Colliton,0.424,0.451,0.398,0.488,87,4,0,['Chicago Blackhawks']
Bob Francis,0.423,0.5,0.347,0.527,165,5,0,['Phoenix Coyotes']
Scott Gordon,0.422,0.501,0.346,0.473,89,4,0,"['Philadelphia Flyers', 'New York Islanders']"
Herb Brooks,0.421,0.49,0.348,0.485,219,7,0,"['New York Rangers', 'Minnesota North Stars', 'Pittsburgh Penguins', 'New Jersey Devils']"
Newsy Lalonde,0.419,0.543,0.293,0.458,144,11,0,"['Montréal Canadiens', 'Montréal Canadiens', 'Ottawa Senators (1917)', 'New York Americans']"
Rudy Pilous,0.419,0.508,0.33,0.514,162,6,1,['Chicago Blackhawks']
Willie Desjardins,0.417,0.438,0.397,0.474,136,4,0,"['Los Angeles Kings', 'Vancouver Canucks']"
Frank Heffernan,0.417,0.833,0.0,0.417,5,1,0,['Toronto St. Patricks']
Andre Savard,0.417,0.417,0.417,0.438,10,1,0,['Quebec Nordiques']
Punch Imlach,0.416,0.489,0.344,0.479,402,14,4,"['Toronto Maple Leafs', 'Toronto Maple Leafs', 'Buffalo Sabres']"
Ron Low,0.414,0.44,0.388,0.465,208,7,0,"['New York Rangers', 'Edmonton Oilers']"
Emile Francis,0.414,0.506,0.323,0.478,388,13,0,"['New York Rangers', 'St. Louis Blues', 'St. Louis Blues']"
Tom Renney,0.412,0.459,0.365,0.472,260,9,0,"['New York Rangers', 'Vancouver Canucks', 'Edmonton Oilers']"
Dave King,0.409,0.505,0.312,0.487,173,6,0,"['Calgary Flames', 'Columbus Blue Jackets']"
Phil Maloney,0.409,0.496,0.325,0.478,95,4,0,['Vancouver Canucks']
Don Cherry,0.407,0.493,0.323,0.488,250,6,0,"['Boston Bruins', 'Colorado Rockies']"
Rick Wilson,0.406,0.562,0.25,0.531,13,1,0,['Dallas Stars']
John McLellan,0.406,0.535,0.277,0.479,126,4,0,['Toronto Maple Leafs']
Tommy Ivan,0.405,0.49,0.319,0.504,288,9,3,"['Chicago Blackhawks', 'Detroit Red Wings']"
Rick Ley,0.405,0.404,0.406,0.491,116,4,0,"['Vancouver Canucks', 'Hartford Whalers']"
Jean-Guy Talbot,0.404,0.492,0.317,0.476,82,3,0,"['New York Rangers', 'St. Louis Blues']"
Steve Kasper,0.402,0.439,0.366,0.463,66,2,0,['Boston Bruins']
Don Hay,0.401,0.33,0.472,0.485,61,2,0,"['Calgary Flames', 'Phoenix Coyotes']"
Jack Gordon,0.401,0.535,0.269,0.488,116,5,0,['Minnesota North Stars']
Tom Rowe,0.4,0.4,0.4,0.483,24,1,0,['Florida Panthers']
Billy Reay,0.399,0.483,0.316,0.478,542,16,0,"['Toronto Maple Leafs', 'Chicago Blackhawks']"
Ken Schinkel,0.399,0.501,0.286,0.465,83,4,0,"['Pittsburgh Penguins', 'Pittsburgh Penguins']"
Sprague Cleghorn,0.396,0.667,0.125,0.469,19,1,0,['Montreal Maroons']
Rick Tocchet,0.395,0.437,0.353,0.468,178,6,0,"['Arizona Coyotes', 'Tampa Bay Lightning']"
Craig Hartsburg,0.394,0.457,0.336,0.475,201,7,0,"['Chicago Blackhawks', 'Ottawa Senators', 'Anaheim Ducks']"
Dick Irvin,0.394,0.471,0.3,0.482,691,27,4,"['Montréal Canadiens', 'Toronto Maple Leafs', 'Chicago Blackhawks', 'Chicago Blackhawks', 'Chicago Blackhawks']"
Tommy Gorman,0.393,0.409,0.379,0.491,133,8,2,"['Montreal Maroons', 'New York Americans', 'New York Americans', 'Chicago Blackhawks']"
Ted Nolan,0.392,0.456,0.329,0.453,187,6,0,"['Buffalo Sabres', 'Buffalo Sabres', 'New York Islanders']"
Art Ross,0.391,0.51,0.273,0.427,394,19,2,"['Montreal Wanderers', 'Hamilton Tigers', 'Boston Bruins', 'Boston Bruins', 'Boston Bruins']"
Kevin Lowe,0.39,0.439,0.342,0.537,32,1,0,['Edmonton Oilers']
Bryan Trottier,0.389,0.393,0.385,0.454,21,1,0,['New York Rangers']
Rick Dudley,0.389,0.455,0.322,0.505,98,4,0,"['Buffalo Sabres', 'Florida Panthers']"
Doug Carpenter,0.387,0.498,0.276,0.421,139,6,0,"['Toronto Maple Leafs', 'New Jersey Devils']"
Ron Stewart,0.386,0.439,0.329,0.459,46,2,0,"['New York Rangers', 'Los Angeles Kings']"
Derek King,0.386,0.371,0.4,0.457,27,1,0,['Chicago Blackhawks']
Pierre Page,0.385,0.451,0.319,0.451,253,8,0,"['Minnesota North Stars', 'Calgary Flames', 'Quebec Nordiques', 'Anaheim Ducks']"
Kevin Dineen,0.384,0.419,0.347,0.479,56,3,0,['Florida Panthers']
Bob Murdoch,0.384,0.506,0.263,0.447,93,3,0,"['Chicago Blackhawks', 'Winnipeg Jets (1979)']"
D.J. Smith,0.384,0.444,0.321,0.439,88,4,0,['Ottawa Senators']
Lorne Molleken,0.383,0.458,0.304,0.489,18,2,0,['Chicago Blackhawks']
Ralph Krueger,0.383,0.412,0.354,0.451,55,3,0,"['Buffalo Sabres', 'Edmonton Oilers']"
David Quinn,0.383,0.315,0.473,0.446,103,4,0,"['New York Rangers', 'San Jose Sharks']"
Charles Querrie,0.382,0.555,0.21,0.422,29,3,0,"['Toronto St. Patricks', 'Toronto St. Patricks']"
Don Granato,0.382,0.418,0.344,0.435,50,3,0,['Buffalo Sabres']
Jacques Demers,0.38,0.483,0.276,0.444,409,14,1,"['Montréal Canadiens', 'Detroit Red Wings', 'St. Louis Blues', 'Quebec Nordiques', 'Tampa Bay Lightning']"
Jeff Blashill,0.38,0.422,0.337,0.447,204,7,0,['Detroit Red Wings']
Tom Webster,0.379,0.467,0.3,0.466,120,4,0,"['New York Rangers', 'Los Angeles Kings']"
John Tortorella,0.376,0.42,0.333,0.456,680,21,1,"['New York Rangers', 'New York Rangers', 'Vancouver Canucks', 'Tampa Bay Lightning', 'Columbus Blue Jackets', 'Philadelphia Flyers']"
Craig Patrick,0.376,0.55,0.203,0.439,66,4,0,"['New York Rangers', 'New York Rangers', 'Pittsburgh Penguins', 'Pittsburgh Penguins']"
Art Duncan,0.375,0.461,0.293,0.443,31,3,0,"['Toronto Maple Leafs', 'Detroit Cougars']"
Jim Roberts,0.375,0.448,0.303,0.487,50,3,0,"['St. Louis Blues', 'Buffalo Sabres', 'Hartford Whalers']"
Doug MacLean,0.374,0.455,0.285,0.456,107,5,0,"['Florida Panthers', 'Columbus Blue Jackets']"
Keith Magnuson,0.374,0.507,0.235,0.468,52,2,0,['Chicago Blackhawks']
John Muckler,0.373,0.443,0.302,0.444,276,10,1,"['New York Rangers', 'Minnesota North Stars', 'Buffalo Sabres', 'Edmonton Oilers']"
Ron Rolston,0.372,0.36,0.385,0.431,19,2,0,['Buffalo Sabres']
Jack Evans,0.372,0.437,0.307,0.435,237,8,0,"['California Golden Seals', 'Hartford Whalers']"
Doug Harvey,0.371,0.457,0.286,0.457,26,1,0,['New York Rangers']
Red Kelly,0.371,0.502,0.241,0.457,278,10,0,"['Toronto Maple Leafs', 'Los Angeles Kings', 'Pittsburgh Penguins']"
Ron Lapointe,0.371,0.364,0.378,0.405,33,2,0,['Quebec Nordiques']
Todd Nelson,0.37,0.455,0.292,0.446,17,1,0,['Edmonton Oilers']
Paul Holmgren,0.37,0.412,0.329,0.421,161,8,0,"['Philadelphia Flyers', 'Hartford Whalers']"
Odie Cleghorn,0.369,0.429,0.309,0.429,62,4,0,['Pittsburgh Pirates']
Larry Pleau,0.367,0.447,0.285,0.423,81,5,0,"['Hartford Whalers', 'Hartford Whalers']"
Scott Arniel,0.366,0.377,0.355,0.439,45,2,0,['Columbus Blue Jackets']
Emil Iverson,0.366,0.528,0.2,0.486,26,2,0,['Chicago Blackhawks']
Butch Goring,0.365,0.422,0.314,0.431,83,4,0,"['Boston Bruins', 'New York Islanders']"
Bob Plager,0.364,0.375,0.333,0.409,4,1,0,['St. Louis Blues']
Johnny Gottselig,0.363,0.425,0.301,0.411,53,4,0,['Chicago Blackhawks']
Joe Crozier,0.363,0.452,0.274,0.44,90,4,0,"['Toronto Maple Leafs', 'Buffalo Sabres']"
George Armstrong,0.362,0.435,0.292,0.404,17,1,0,['Toronto Maple Leafs']
Eddie Gerard,0.362,0.466,0.263,0.413,166,11,1,"['Ottawa Senators (1917)', 'St. Louis Eagles', 'Montreal Maroons', 'Montreal Maroons', 'New York Americans']"
Paul Thompson,0.361,0.497,0.224,0.436,113,7,0,['Chicago Blackhawks']
Randy Cunneyworth,0.36,0.458,0.269,0.45,18,1,0,['Montréal Canadiens']
George Boucher,0.36,0.476,0.243,0.436,50,4,0,"['Ottawa Senators (1917)', 'Boston Bruins', 'Montreal Maroons']"
Rick Bowness,0.359,0.441,0.283,0.427,223,13,0,"['Boston Bruins', 'Dallas Stars', 'New York Islanders', 'Winnipeg Jets (1979)', 'Phoenix Coyotes', 'Ottawa Senators', 'Winnipeg Jets']"
King Clancy,0.357,0.512,0.182,0.429,86,4,0,"['Toronto Maple Leafs', 'Montreal Maroons']"
Tom Watt,0.357,0.453,0.261,0.42,176,7,0,"['Toronto Maple Leafs', 'Vancouver Canucks', 'Winnipeg Jets (1979)']"
Michel Bergeron,0.356,0.434,0.278,0.414,338,10,0,"['New York Rangers', 'Quebec Nordiques', 'Quebec Nordiques']"
Dan Maloney,0.355,0.424,0.285,0.412,136,5,0,"['Toronto Maple Leafs', 'Winnipeg Jets (1979)']"
Alpo Suhonen,0.354,0.342,0.366,0.433,29,1,0,['Chicago Blackhawks']
Phil Housley,0.354,0.39,0.317,0.421,58,2,0,['Buffalo Sabres']
Lynn Patrick,0.35,0.496,0.233,0.423,165,10,0,"['Boston Bruins', 'New York Rangers', 'St. Louis Blues', 'St. Louis Blues']"
Bill White,0.348,0.52,0.143,0.413,16,1,0,['Chicago Blackhawks']
Greg Gilbert,0.347,0.4,0.295,0.442,42,3,0,['Calgary Flames']
Frank Boucher,0.346,0.452,0.225,0.423,181,11,1,"['New York Rangers', 'New York Rangers']"
Charlie Conacher,0.346,0.4,0.293,0.414,56,3,0,['Chicago Blackhawks']
Ted Green,0.346,0.43,0.263,0.402,65,3,0,['Edmonton Oilers']
Floyd Smith,0.346,0.376,0.315,0.383,173,5,0,"['Toronto Maple Leafs', 'Buffalo Sabres', 'Buffalo Sabres']"
Craig Ramsay,0.345,0.427,0.266,0.409,50,3,0,"['Philadelphia Flyers', 'Buffalo Sabres', 'Atlanta Thrashers']"
Barry Melrose,0.345,0.341,0.349,0.442,84,4,0,"['Los Angeles Kings', 'Tampa Bay Lightning']"
Rick Kehoe,0.344,0.392,0.296,0.419,55,2,0,['Pittsburgh Penguins']
Red Dutton,0.344,0.438,0.25,0.419,66,4,0,['New York Americans']
George Burnett,0.343,0.5,0.176,0.386,12,1,0,['Edmonton Oilers']
Pierre McGuire,0.343,0.364,0.324,0.396,23,1,0,['Hartford Whalers']
Bobby Kromm,0.342,0.431,0.252,0.431,79,3,0,['Detroit Red Wings']
Ron Smith,0.341,0.364,0.318,0.42,15,1,0,['New York Rangers']
Dallas Eakins,0.34,0.37,0.309,0.407,119,6,0,"['Edmonton Oilers', 'Anaheim Ducks']"
Keith Allen,0.34,0.413,0.267,0.447,51,2,0,['Philadelphia Flyers']
Mike Murphy,0.337,0.384,0.288,0.393,80,4,0,"['Toronto Maple Leafs', 'Los Angeles Kings']"
John Cunniff,0.337,0.43,0.237,0.39,62,3,0,"['New Jersey Devils', 'Hartford Whalers']"
Alex Delvecchio,0.335,0.464,0.2,0.4,82,4,0,['Detroit Red Wings']
Mike O'Connell,0.333,0.5,0.2,0.5,3,1,0,['Boston Bruins']
Rosie Helmer,0.333,0.417,0.25,0.406,16,1,0,['New York Americans']
John Brophy,0.332,0.423,0.24,0.378,64,3,0,['Toronto Maple Leafs']
Guy Charron,0.33,0.412,0.191,0.423,20,2,0,"['Calgary Flames', 'Anaheim Ducks']"
Nick Polano,0.329,0.425,0.233,0.4,79,3,0,['Detroit Red Wings']
Al Sims,0.329,0.342,0.317,0.378,27,1,0,['San Jose Sharks']
Glen Hanlon,0.326,0.369,0.282,0.406,78,4,0,['Washington Capitals']
Lorne Henning,0.326,0.353,0.289,0.382,87,4,0,"['Minnesota North Stars', 'New York Islanders', 'New York Islanders']"
Wren Blair,0.324,0.411,0.24,0.439,48,3,0,['Minnesota North Stars']
Trent Yawney,0.32,0.4,0.245,0.393,33,2,0,['Chicago Blackhawks']
Gary Green,0.319,0.443,0.192,0.411,50,3,0,['Washington Capitals']
Parker MacDonald,0.319,0.509,0.146,0.393,33,2,0,"['Los Angeles Kings', 'Minnesota North Stars']"
Harry Neale,0.319,0.372,0.267,0.392,150,7,0,"['Detroit Red Wings', 'Vancouver Canucks', 'Vancouver Canucks']"
Lionel Conacher,0.318,0.5,0.136,0.375,14,1,0,['New York Americans']
Mike Nykoluk,0.318,0.407,0.229,0.402,89,4,0,['Toronto Maple Leafs']
André Tourigny,0.317,0.267,0.357,0.366,32,2,0,['Arizona Coyotes']
Ned Harkness,0.316,0.474,0.158,0.368,12,1,0,['Detroit Red Wings']
Johnny Wilson,0.316,0.428,0.205,0.401,187,7,0,"['Detroit Red Wings', 'Los Angeles Kings', 'Pittsburgh Penguins', 'Colorado Rockies']"
Rogie Vachon,0.31,0.167,0.278,0.44,4,3,0,"['Los Angeles Kings', 'Los Angeles Kings', 'Los Angeles Kings']"
Don Perry,0.309,0.423,0.193,0.402,52,3,0,['Los Angeles Kings']
Bill Stewart,0.308,0.3,0.324,0.399,33,3,1,"['New York Islanders', 'Chicago Blackhawks']"
Larry Regan,0.307,0.386,0.227,0.386,27,2,0,['Los Angeles Kings']
Duane Sutter,0.306,0.351,0.257,0.41,22,2,0,['Florida Panthers']
Peter Horachek,0.304,0.429,0.198,0.349,35,2,0,"['Toronto Maple Leafs', 'Florida Panthers']"
Sid Abel,0.3,0.331,0.274,0.362,382,16,0,"['Chicago Blackhawks', 'Detroit Red Wings', 'Detroit Red Wings', 'St. Louis Blues', 'Kansas City Scouts']"
Don Blackburn,0.3,0.464,0.141,0.425,42,2,0,['Hartford Whalers']
Howie Meeker,0.3,0.343,0.257,0.407,21,1,0,['Toronto Maple Leafs']
Ken Randall,0.3,0.333,0.25,0.3,3,1,0,['Hamilton Tigers']
Luke Richardson,0.3,0.364,0.222,0.4,6,1,0,['Chicago Blackhawks']
Leo Boivin,0.299,0.375,0.22,0.384,28,2,0,"['St. Louis Blues', 'St. Louis Blues']"
Jim Wiley,0.298,0.357,0.241,0.325,17,1,0,['San Jose Sharks']
Phil Watson,0.297,0.335,0.257,0.38,135,7,0,"['Boston Bruins', 'New York Rangers']"
Alf Pike,0.293,0.377,0.21,0.378,36,2,0,['New York Rangers']
Garry Young,0.293,0.363,0.219,0.396,43,3,0,"['California Golden Seals', 'St. Louis Blues']"
Danny Belisle,0.292,0.362,0.225,0.38,28,2,0,['Washington Capitals']
Joe Simpson,0.292,0.375,0.208,0.396,42,3,0,['New York Americans']
Bill Cook,0.291,0.383,0.193,0.393,34,2,0,['New York Rangers']
Mike Kitchen,0.29,0.318,0.262,0.378,38,3,0,['St. Louis Blues']
Barclay Plager,0.29,0.394,0.182,0.393,51,4,0,"['St. Louis Blues', 'St. Louis Blues']"
Orland Kurtenbach,0.288,0.344,0.23,0.396,36,2,0,['Vancouver Canucks']
Vic Stasiuk,0.285,0.409,0.163,0.384,88,4,0,"['California Golden Seals', 'Philadelphia Flyers', 'Vancouver Canucks']"
Tom McVie,0.283,0.37,0.199,0.359,126,8,0,"['New Jersey Devils', 'New Jersey Devils', 'Washington Capitals', 'Winnipeg Jets (1979)']"
Neil Colville,0.28,0.4,0.167,0.419,26,2,0,['New York Rangers']
Phil Esposito,0.279,0.261,0.3,0.279,24,2,0,"['New York Rangers', 'New York Rangers']"
Dominique Ducharme,0.277,0.375,0.186,0.361,23,2,0,['Montréal Canadiens']
Eddie Olczyk,0.274,0.304,0.246,0.354,31,2,0,['Pittsburgh Penguins']
John MacLean,0.273,0.333,0.222,0.303,9,1,0,['New Jersey Devils']
Billy Dea,0.273,0.286,0.25,0.273,3,1,0,['Detroit Red Wings']
Harry Howell,0.273,0.5,0.0,0.364,3,1,0,['Minnesota North Stars']
Dirk Graham,0.271,0.357,0.194,0.339,16,1,0,['Chicago Blackhawks']
Percy Thompson,0.271,0.417,0.125,0.271,13,2,0,['Hamilton Tigers']
Fred Glover,0.268,0.4,0.135,0.334,114,7,0,"['Oakland Seals', 'Los Angeles Kings']"
Ted Harris,0.268,0.4,0.135,0.344,48,3,0,['Minnesota North Stars']
Wayne Maxner,0.264,0.394,0.127,0.368,34,2,0,['Detroit Red Wings']
Doug Barkley,0.262,0.42,0.111,0.335,20,3,0,"['Detroit Red Wings', 'Detroit Red Wings']"
Charlie Burns,0.257,0.261,0.251,0.337,22,2,0,"['Minnesota North Stars', 'Minnesota North Stars']"
Steve Ludzik,0.256,0.373,0.145,0.351,31,2,0,['Tampa Bay Lightning']
Glen Sonmor,0.256,0.31,0.204,0.399,177,7,0,"['Minnesota North Stars', 'Minnesota North Stars', 'Minnesota North Stars']"
Milt Schmidt,0.254,0.314,0.194,0.326,250,13,0,"['Boston Bruins', 'Boston Bruins', 'Washington Capitals']"
Shorty Green,0.25,0.273,0.227,0.318,11,1,0,['New York Americans']
Art Chapman,0.25,0.354,0.146,0.323,24,2,0,['New York Americans']
Larry Kish,0.245,0.348,0.154,0.296,12,1,0,['Hartford Whalers']
Hal Laycoe,0.245,0.365,0.125,0.281,49,3,0,"['Los Angeles Kings', 'Vancouver Canucks']"
Lou Nanne,0.241,0.385,0.125,0.31,7,1,0,['Minnesota North Stars']
Bill McCreary Sr.,0.24,0.35,0.123,0.317,23,3,0,"['California Golden Seals', 'St. Louis Blues', 'Vancouver Canucks']"
Red Sullivan,0.24,0.282,0.185,0.297,107,7,0,"['New York Rangers', 'Pittsburgh Penguins', 'Washington Capitals']"
Bill MacMillan,0.233,0.31,0.156,0.308,41,3,0,"['Colorado Rockies', 'New Jersey Devils']"
Craig MacTavish,0.229,0.256,0.203,0.369,301,9,0,"['Edmonton Oilers', 'Edmonton Oilers']"
Curt Fraser,0.229,0.259,0.2,0.312,64,4,0,['Atlanta Thrashers']
Cy Denneny,0.229,0.333,0.125,0.333,11,1,0,['Ottawa Senators (1917)']
Sylvio Mantha,0.229,0.208,0.25,0.344,11,1,0,['Montréal Canadiens']
Marshall Johnston,0.227,0.365,0.09,0.31,28,3,0,"['California Golden Seals', 'Colorado Rockies']"
Bryan Watson,0.222,0.1,0.375,0.361,4,1,0,['Edmonton Oilers']
Bill Sutherland,0.219,0.312,0.125,0.266,7,2,0,['Winnipeg Jets (1979)']
Pat Kelly,0.218,0.367,0.077,0.342,22,2,0,['Colorado Rockies']
Ebbie Goodfellow,0.214,0.243,0.186,0.282,30,2,0,['Chicago Blackhawks']
Earl Ingarfield,0.214,0.4,0.0,0.25,6,1,0,['New York Islanders']
Muzz Patrick,0.214,0.236,0.194,0.354,43,4,0,"['New York Rangers', 'New York Rangers', 'New York Rangers']"
Pit Lepine,0.208,0.208,0.208,0.26,10,1,0,['Montréal Canadiens']
Aldo Guidolin,0.203,0.226,0.179,0.271,12,1,0,['Colorado Rockies']
Bert Olmstead,0.203,0.324,0.081,0.318,15,1,0,['Oakland Seals']
Bill LaForge,0.2,0.333,0.091,0.25,4,1,0,['Vancouver Canucks']
Brad Park,0.2,0.217,0.182,0.222,9,1,0,['Detroit Red Wings']
Lou Angotti,0.194,0.266,0.14,0.259,22,3,0,"['Pittsburgh Penguins', 'St. Louis Blues']"
Dave Chambers,0.194,0.24,0.146,0.27,19,2,0,['Quebec Nordiques']
Andre Beaulieu,0.188,0.176,0.2,0.234,6,1,0,['Minnesota North Stars']
Frank Eddolls,0.186,0.171,0.2,0.307,13,1,0,['Chicago Blackhawks']
Ted Garvin,0.182,0.25,0.143,0.227,2,1,0,['Detroit Red Wings']
Duke Keats,0.182,0.167,0.2,0.273,2,1,0,['Detroit Cougars']
Barney Stanley,0.174,0.167,0.182,0.217,4,1,0,['Chicago Blackhawks']
Ted Lindsay,0.172,0.364,0.056,0.224,5,2,0,['Detroit Red Wings']
George Kingston,0.171,0.268,0.073,0.192,28,2,0,['San Jose Sharks']
Maurice Filion,0.167,0.0,0.167,0.333,1,1,0,['Quebec Nordiques']
Mike Quinn,0.167,0.333,0.0,0.167,4,1,0,['Quebec Bulldogs']
Herb Gardiner,0.156,0.071,0.222,0.219,5,1,0,['Chicago Blackhawks']
Hugh Lehman,0.143,0.0,0.273,0.167,3,1,0,['Chicago Blackhawks']
Bert Marshall,0.125,0.091,0.154,0.208,3,1,0,['Colorado Rockies']
Phil Goyette,0.12,0.167,0.077,0.16,6,1,0,['New York Islanders']
Frank Fredrickson,0.114,0.227,0.0,0.148,5,1,0,['Pittsburgh Pirates']
Cooper Smeaton,0.091,0.136,0.045,0.136,4,1,0,['Philadelphia Quakers']
Mike Smith,0.087,0.154,0.0,0.174,2,1,0,['Winnipeg Jets (1979)']
Larry Wilson,0.083,0.167,0.0,0.139,3,1,0,['Detroit Red Wings']
Dave Allison,0.08,0.0,0.133,0.1,2,1,0,['Ottawa Senators']
Jim Anderson,0.074,0.154,0.0,0.12,4,1,0,['Washington Capitals']
Eddie Bush,0.031,0.059,0.0,0.156,1,1,0,['Kansas City Scouts']
Rick Paterson,0.0,0.0,0.0,0.0,0,1,0,['Tampa Bay Lightning']
Gary Agnew,0.0,0.0,0.0,0.1,0,1,0,['Columbus Blue Jackets']
Roger Crozier,0.0,0.0,0.0,0.0,0,1,0,['Washington Capitals']
Dick Duff,0.0,0.0,0.0,0.0,0,1,0,['Toronto Maple Leafs']
Jacques Laperriere,0.0,0.0,0.0,0.0,0,1,0,['Montréal Canadiens']
Mike Rodden,0.0,0.0,0.0,0.0,0,1,0,['Toronto St. Patricks']
Ryan Huska,0.0,0.0,0.0,0.25,0,1,0,['Calgary Flames']
